Name,Rank
"White, John",Amn
"White, John",A1C
"White, John",SrA
"White, John",SSgt
"White, John",TSgt
"White, John",MSgt
"White, John",2LT
"White, John",1LT
"White, John",Capt
"White, John",Maj
"Brown, John",Amn
"Brown, John",A1C
"Brown, John",SrA
"Brown, John",SSgt
"Brown, John",TSgt
"Brown, John",MSgt
"Brown, John",2LT
"Brown, John",1LT
"Brown, John",Capt
"Brown, John",Maj
"Sanchez, John",Amn
"Sanchez, John",A1C
"Sanchez, John",SrA
"Sanchez, John",SSgt
"Sanchez, John",TSgt
"Sanchez, John",MSgt
"Sanchez, John",2LT
"Sanchez, John",1LT
"Sanchez, John",Capt
"Sanchez, John",Maj
"Sandberg, John",Amn
"Sandberg, John",A1C
"Sandberg, John",SrA
"Sandberg, John",SSgt
"Sandberg, John",TSgt
"Sandberg, John",MSgt
"Sandberg, John",2LT
"Sandberg, John",1LT
"Sandberg, John",Capt
"Sandberg, John",Maj
"Witherspoon, John",Amn
"Witherspoon, John",A1C
"Witherspoon, John",SrA
"Witherspoon, John",SSgt
"Witherspoon, John",TSgt
"Witherspoon, John",MSgt
"Witherspoon, John",2LT
"Witherspoon, John",1LT
"Witherspoon, John",Capt
"Witherspoon, John",Maj
"Jolie, John",Amn
"Jolie, John",A1C
"Jolie, John",SrA
"Jolie, John",SSgt
"Jolie, John",TSgt
"Jolie, John",MSgt
"Jolie, John",2LT
"Jolie, John",1LT
"Jolie, John",Capt
"Jolie, John",Maj
"Smithers, John",Amn
"Smithers, John",A1C
"Smithers, John",SrA
"Smithers, John",SSgt
"Smithers, John",TSgt
"Smithers, John",MSgt
"Smithers, John",2LT
"Smithers, John",1LT
"Smithers, John",Capt
"Smithers, John",Maj
"White, Peter",Amn
"White, Peter",A1C
"White, Peter",SrA
"White, Peter",SSgt
"White, Peter",TSgt
"White, Peter",MSgt
"White, Peter",2LT
"White, Peter",1LT
"White, Peter",Capt
"White, Peter",Maj
"Brown, Peter",Amn
"Brown, Peter",A1C
"Brown, Peter",SrA
"Brown, Peter",SSgt
"Brown, Peter",TSgt
"Brown, Peter",MSgt
"Brown, Peter",2LT
"Brown, Peter",1LT
"Brown, Peter",Capt
"Brown, Peter",Maj
"Sanchez, Peter",Amn
"Sanchez, Peter",A1C
"Sanchez, Peter",SrA
"Sanchez, Peter",SSgt
"Sanchez, Peter",TSgt
"Sanchez, Peter",MSgt
"Sanchez, Peter",2LT
"Sanchez, Peter",1LT
"Sanchez, Peter",Capt
"Sanchez, Peter",Maj
"Sandberg, Peter",Amn
"Sandberg, Peter",A1C
"Sandberg, Peter",SrA
"Sandberg, Peter",SSgt
"Sandberg, Peter",TSgt
"Sandberg, Peter",MSgt
"Sandberg, Peter",2LT
"Sandberg, Peter",1LT
"Sandberg, Peter",Capt
"Sandberg, Peter",Maj
"Witherspoon, Peter",Amn
"Witherspoon, Peter",A1C
"Witherspoon, Peter",SrA
"Witherspoon, Peter",SSgt
"Witherspoon, Peter",TSgt
"Witherspoon, Peter",MSgt
"Witherspoon, Peter",2LT
"Witherspoon, Peter",1LT
"Witherspoon, Peter",Capt
"Witherspoon, Peter",Maj
"Jolie, Peter",Amn
"Jolie, Peter",A1C
"Jolie, Peter",SrA
"Jolie, Peter",SSgt
"Jolie, Peter",TSgt
"Jolie, Peter",MSgt
"Jolie, Peter",2LT
"Jolie, Peter",1LT
"Jolie, Peter",Capt
"Jolie, Peter",Maj
"Smithers, Peter",Amn
"Smithers, Peter",A1C
"Smithers, Peter",SrA
"Smithers, Peter",SSgt
"Smithers, Peter",TSgt
"Smithers, Peter",MSgt
"Smithers, Peter",2LT
"Smithers, Peter",1LT
"Smithers, Peter",Capt
"Smithers, Peter",Maj
"White, Suzy",Amn
"White, Suzy",A1C
"White, Suzy",SrA
"White, Suzy",SSgt
"White, Suzy",TSgt
"White, Suzy",MSgt
"White, Suzy",2LT
"White, Suzy",1LT
"White, Suzy",Capt
"White, Suzy",Maj
"Brown, Suzy",Amn
"Brown, Suzy",A1C
"Brown, Suzy",SrA
"Brown, Suzy",SSgt
"Brown, Suzy",TSgt
"Brown, Suzy",MSgt
"Brown, Suzy",2LT
"Brown, Suzy",1LT
"Brown, Suzy",Capt
"Brown, Suzy",Maj
"Sanchez, Suzy",Amn
"Sanchez, Suzy",A1C
"Sanchez, Suzy",SrA
"Sanchez, Suzy",SSgt
"Sanchez, Suzy",TSgt
"Sanchez, Suzy",MSgt
"Sanchez, Suzy",2LT
"Sanchez, Suzy",1LT
"Sanchez, Suzy",Capt
"Sanchez, Suzy",Maj
"Sandberg, Suzy",Amn
"Sandberg, Suzy",A1C
"Sandberg, Suzy",SrA
"Sandberg, Suzy",SSgt
"Sandberg, Suzy",TSgt
"Sandberg, Suzy",MSgt
"Sandberg, Suzy",2LT
"Sandberg, Suzy",1LT
"Sandberg, Suzy",Capt
"Sandberg, Suzy",Maj
"Witherspoon, Suzy",Amn
"Witherspoon, Suzy",A1C
"Witherspoon, Suzy",SrA
"Witherspoon, Suzy",SSgt
"Witherspoon, Suzy",TSgt
"Witherspoon, Suzy",MSgt
"Witherspoon, Suzy",2LT
"Witherspoon, Suzy",1LT
"Witherspoon, Suzy",Capt
"Witherspoon, Suzy",Maj
